<?xml version="1.0" encoding="UTF-8"?>
<project-private xmlns="http://www.netbeans.org/ns/project-private/1">
    <editor-bookmarks xmlns="http://www.netbeans.org/ns/editor-bookmarks/2" lastBookmarkId="0"/>
    <open-files xmlns="http://www.netbeans.org/ns/projectui-open-files/2">
        <group>
            <file>file:/C:/Users/oscar/Documents/NetBeansProjects/AirbnbPet/src/airbnbpet/AirbnbPet.java</file>
            <file>file:/C:/Users/oscar/Documents/NetBeansProjects/AirbnbPet/src/airbnbpet/Perro.java</file>
            <file>file:/C:/Users/oscar/Documents/NetBeansProjects/AirbnbPet/src/airbnbpet/Gato.java</file>
            <file>file:/C:/Users/oscar/Documents/NetBeansProjects/AirbnbPet/src/airbnbpet/Conejo.java</file>
            <file>file:/C:/Users/oscar/Documents/NetBeansProjects/AirbnbPet/src/airbnbpet/Mascota.java</file>
            <file>file:/C:/Users/oscar/Documents/NetBeansProjects/AirbnbPet/src/airbnbpet/Valores.java</file>
        </group>
    </open-files>
</project-private>
